<?xml version="1.0" encoding="UTF-8" standalone="yes"?>
<addon id="plugin.addon.vodnetvision" name="NET VISION" version="1.0.0" provider-name="Ing. Andrés Collaguazo">
  <requires>
    <import addon="xbmc.python" version="2.1.0"/>
  </requires>
  <extension point="xbmc.python.pluginsource" library="main.py">
    <provides>video</provides>
  </extension>
  <extension point="xbmc.addon.metadata">
    <summary lang="en_GB">PELICULAS Y SERIES</summary>
    <description lang="en_GB">NETVISION y su equipo de tecnología desarrollo e innovación brinda a todos sus clientes la facilidad de poder disfrutar de un amplio menú de películas y series con la mejor calidad 1080p, HD, MKV y 4K. Solo debe relajarse y disfrutar. NETVISION nos complace entregarle un servicio de calidad.</description>
    <disclaimer lang="en_GB"></disclaimer>
    <language></language>
    <platform>all</platform>
    <license></license>
    <forum></forum>
    <website></website>
    <email></email>
    <source></source>
    <news></news>
    <assets>
        <icon>resources/icon7.jpg</icon>
        <fanart>resources/fanart8.jpg</fanart>
        <banner></banner>
        <clearlogo></clearlogo>
        <screenshot></screenshot>
    </assets>
  </extension>
</addon>